Archer,Commenced,RES
Kevin,26/07/1999,Target hit 58 times from 68 shots.
Naomi,14/11/2014,Target hit 34 times from 51 shots.
Daniel,28/08/2011,Target hit 44 times from 62 shots.
Kate,22/03/2008,Target hit 52 times from 66 shots.
Micheal,2/04/2015,Target hit 43 times from 63 shots.
Leah,17/03/2011,Target hit 38 times from 55 shots.
Rhiannon,24/10/2021,Target hit 19 times from 52 shots.
Jake,23/04/2017,Target hit 30 times from 50 shots.
Krystal,24/05/2013,Target hit 40 times from 62 shots.
Willow,30/06/2016,Target hit 32 times from 57 shots.
Wade,29/01/2009,Target hit 51 times from 70 shots.
Lincoln,30/03/2003,Target hit 48 times from 56 shots.
Harvey,29/08/2002,Target hit 46 times from 55 shots.
Trevor,29/04/2012,Target hit 43 times from 63 shots.
Stacey,6/12/2021,Target hit 32 times from 70 shots.
Paige,31/05/1997,Target hit 55 times from 63 shots.
Peyton,1/10/2018,Target hit 37 times from 70 shots.
Nixon,12/09/2022,Target hit 25 times from 68 shots.
Alexis,9/02/2016,Target hit 41 times from 64 shots.
Ruby,5/05/2020,Target hit 23 times from 51 shots.
Brenton,6/04/2008,Target hit 45 times from 58 shots.
Christopher,4/06/2020,Target hit 28 times from 62 shots.
Alyce,29/07/2001,Target hit 60 times from 67 shots.
Ryan,18/09/2002,Target hit 40 times from 51 shots.
Emily,30/05/2019,Target hit 32 times from 54 shots.
Jai,4/05/2006,Target hit 48 times from 62 shots.
Logan,28/10/2015,Target hit 39 times from 63 shots.
Maya,11/12/1998,Target hit 51 times from 54 shots.
Madeline,26/03/2003,Target hit 45 times from 55 shots.
Amber,25/09/2002,Target hit 45 times from 53 shots.
Peter,7/12/2007,Target hit 39 times from 52 shots.
Charlotte,26/08/2015,Target hit 42 times from 65 shots.
Mila,25/08/2010,Target hit 40 times from 55 shots.
Eliana,8/03/2000,Target hit 42 times from 50 shots.
Zoe,11/11/2001,Target hit 49 times from 60 shots.
Kiara,2/01/2004,Target hit 44 times from 53 shots.
Paris,23/09/2014,Target hit 37 times from 58 shots.
Mason,18/03/2011,Target hit 41 times from 59 shots.
Adam,2/06/2015,Target hit 43 times from 69 shots.
Jay,7/04/2017,Target hit 33 times from 56 shots.
Chantelle,19/02/2008,Target hit 52 times from 70 shots.
Michael,22/08/1999,Target hit 48 times from 57 shots.
Jason,23/08/1996,Target hit 55 times from 58 shots.
Bailey,22/08/2022,Target hit 22 times from 60 shots.
Darren,25/09/2013,Target hit 45 times from 67 shots.
Gabriel,30/09/2017,Target hit 40 times from 67 shots.
Britney,27/03/2012,Target hit 36 times from 55 shots.
Olive,30/10/1996,Target hit 60 times from 64 shots.
Seth,23/06/2010,Target hit 48 times from 62 shots.
Dane,25/02/2019,Target hit 29 times from 55 shots.
Sienna,8/01/2003,Target hit 46 times from 55 shots.
Breanna,14/02/2002,Target hit 47 times from 57 shots.
Callie,7/11/2017,Target hit 40 times from 67 shots.
Christine,12/04/2006,Target hit 46 times from 58 shots.
Hallie,7/09/2018,Target hit 34 times from 64 shots.
Jenna,11/12/2015,Target hit 37 times from 65 shots.
Beau,6/10/2005,Target hit 58 times from 70 shots.
Ellen,15/06/2005,Target hit 48 times from 65 shots.
Alice,26/08/2010,Target hit 47 times from 64 shots.
Martin,5/07/2015,Target hit 32 times from 51 shots.
Glen,9/03/2019,Target hit 35 times from 67 shots.
Hayley,14/09/2014,Target hit 37 times from 56 shots.
Sophia,31/01/2015,Target hit 35 times from 54 shots.
Kylie,4/08/1997,Target hit 59 times from 67 shots.
Millie,24/02/2015,Target hit 38 times from 58 shots.
Kimberley,26/07/2011,Target hit 37 times from 53 shots.
Lily,11/01/2001,Target hit 47 times from 54 shots.
Kathryn,17/05/2010,Target hit 40 times from 55 shots.
Elizabeth,30/12/2010,Target hit 46 times from 64 shots.
Jessie,3/05/2007,Target hit 44 times from 59 shots.
Hunter,13/12/2009,Target hit 39 times from 56 shots.
Sarah,15/05/2020,Target hit 33 times from 65 shots.
Talia,22/03/2020,Target hit 28 times from 54 shots.
Lennox,15/10/2011,Target hit 39 times from 57 shots.
Jamie,20/03/2020,Target hit 32 times from 69 shots.
Shannon,31/08/2003,Target hit 49 times from 64 shots.
Tara,15/11/2012,Target hit 44 times from 67 shots.
Joshua,27/12/2014,Target hit 46 times from 70 shots.
Katelyn,5/01/2021,Target hit 33 times from 69 shots.
Ava,8/07/2013,Target hit 44 times from 62 shots.
Lottie,14/04/2007,Target hit 41 times from 51 shots.
Owen,27/07/1998,Target hit 55 times from 60 shots.
Dean,23/05/1998,Target hit 53 times from 59 shots.
Elsie,9/11/2002,Target hit 55 times from 69 shots.
Oscar,26/11/2014,Target hit 43 times from 70 shots.
Todd,21/11/2006,Target hit 44 times from 57 shots.
Megan,7/01/2007,Target hit 55 times from 69 shots.
Jeremy,5/11/2008,Target hit 50 times from 68 shots.
Frankie,14/04/2021,Target hit 27 times from 59 shots.
Lola,12/02/2011,Target hit 45 times from 64 shots.
Bronte,29/04/2007,Target hit 44 times from 59 shots.
Lisa,4/02/2004,Target hit 49 times from 58 shots.
Ellie,7/12/2018,Target hit 29 times from 51 shots.
Karen,18/07/2011,Target hit 47 times from 62 shots.
Ella,26/12/2016,Target hit 35 times from 58 shots.
Brayden,20/03/2006,Target hit 48 times from 61 shots.
Raymond,6/10/2000,Target hit 49 times from 55 shots.
Thomas,8/07/2016,Target hit 35 times from 60 shots.
Kim,13/12/1996,Target hit 51 times from 58 shots.
Theo,23/10/2015,Target hit 44 times from 69 shots.
Charli,5/02/2006,Target hit 38 times from 50 shots.
Suzanne,24/06/1999,Target hit 47 times from 55 shots.
Phoebe,25/04/2005,Target hit 52 times from 67 shots.
Shaun,18/09/2003,Target hit 53 times from 63 shots.
Jodi,25/12/1998,Target hit 55 times from 59 shots.
Sharon,4/03/2006,Target hit 55 times from 67 shots.
Carla,3/04/2019,Target hit 35 times from 64 shots.
Xavier,14/10/2002,Target hit 47 times from 54 shots.
Leigh,20/03/2012,Target hit 41 times from 59 shots.
Joseph,9/09/2022,Target hit 27 times from 65 shots.
Skye,27/07/2000,Target hit 48 times from 58 shots.
Elijah,15/10/2011,Target hit 48 times from 67 shots.
Gabrielle,8/06/2006,Target hit 41 times from 51 shots.
Abigail,27/05/2006,Target hit 40 times from 50 shots.
Cassandra,16/09/2005,Target hit 43 times from 53 shots.
Jasmine,30/08/2020,Target hit 28 times from 61 shots.
Ebony,2/05/1997,Target hit 57 times from 62 shots.
Poppy,25/05/2010,Target hit 40 times from 56 shots.
Aidan,27/05/2005,Target hit 41 times from 55 shots.
Shane,12/06/2022,Target hit 25 times from 68 shots.
Luna,20/01/2016,Target hit 36 times from 57 shots.
Taj,10/01/2016,Target hit 30 times from 50 shots.
Violet,1/01/1900,Target hit 26 times from 57 shots.
Taylah,10/12/2014,Target hit 35 times from 56 shots.
Tyson,1/06/2011,Target hit 37 times from 54 shots.
Scarlett,15/12/2018,Target hit 25 times from 50 shots.
Zoey,16/12/1999,Target hit 47 times from 53 shots.
Nicole,27/09/2018,Target hit 34 times from 65 shots.
Samuel,23/10/2019,Target hit 30 times from 67 shots.
Stephanie,29/01/1997,Target hit 62 times from 68 shots.
Bryce,9/12/2016,Target hit 38 times from 65 shots.
Georgina,9/08/2008,Target hit 52 times from 67 shots.
Chelsea,16/06/2021,Target hit 26 times from 62 shots.
Kristie,1/07/2014,Target hit 33 times from 51 shots.
James,5/12/2013,Target hit 38 times from 58 shots.
Karina,4/03/2011,Target hit 38 times from 52 shots.
Elise,30/12/2017,Target hit 31 times from 55 shots.
Ashley,21/10/1999,Target hit 59 times from 68 shots.
Miles,25/01/2011,Target hit 47 times from 65 shots.
Jaxon,30/06/2010,Target hit 41 times from 57 shots.
Timothy,7/05/2012,Target hit 52 times from 69 shots.
Isaiah,17/08/2009,Target hit 47 times from 70 shots.
Brittany,10/11/1999,Target hit 49 times from 56 shots.
Tayla,13/12/2002,Target hit 61 times from 70 shots.
Margot,26/06/2021,Target hit 22 times from 56 shots.
Tristan,3/06/2013,Target hit 48 times from 70 shots.
Levi,4/12/2000,Target hit 58 times from 64 shots.
Natasha,29/02/2020,Target hit 34 times from 69 shots.
Isla,10/09/2006,Target hit 51 times from 63 shots.
Neil,11/03/2014,Target hit 43 times from 60 shots.
Anastasia,14/07/2021,Target hit 23 times from 63 shots.
Evelyn,9/04/1997,Target hit 59 times from 69 shots.
Elias,18/02/1999,Target hit 44 times from 53 shots.
Trent,16/01/2008,Target hit 38 times from 52 shots.
Brendan,9/10/2009,Target hit 46 times from 64 shots.
Geoffrey,6/12/2017,Target hit 32 times from 56 shots.
Angela,21/10/2006,Target hit 49 times from 62 shots.
Kurt,23/10/2019,Target hit 35 times from 69 shots.
Maddison,4/03/2018,Target hit 32 times from 58 shots.
Aisha,11/06/2006,Target hit 56 times from 67 shots.
Steven,30/09/2008,Target hit 42 times from 52 shots.
Heidi,14/05/2021,Target hit 29 times from 69 shots.
Dylan,5/12/2006,Target hit 51 times from 63 shots.
Maeve,4/01/1999,Target hit 49 times from 54 shots.
Jordan,31/03/2008,Target hit 40 times from 55 shots.
Cody,30/03/2011,Target hit 44 times from 65 shots.
Abby,20/05/2006,Target hit 40 times from 53 shots.
Shakira,21/06/2012,Target hit 37 times from 53 shots.
Louis,19/09/2011,Target hit 37 times from 51 shots.
Leo,16/05/2012,Target hit 34 times from 52 shots.
Charlize,26/03/2011,Target hit 51 times from 69 shots.
Mikayla,10/08/2007,Target hit 40 times from 53 shots.
Damian,5/03/2005,Target hit 43 times from 50 shots.
Eloise,20/07/2022,Target hit 23 times from 61 shots.
Sam,11/07/2006,Target hit 52 times from 64 shots.
Jesse,25/02/2007,Target hit 45 times from 59 shots.
Gemma,22/12/2002,Target hit 47 times from 58 shots.
Billy,16/10/2017,Target hit 33 times from 56 shots.
Jasper,5/10/2011,Target hit 39 times from 51 shots.
Hayden,17/04/2014,Target hit 34 times from 51 shots.
Harrison,18/02/2018,Target hit 38 times from 67 shots.
Andrew,3/04/2005,Target hit 52 times from 64 shots.
Lee,26/03/2003,Target hit 52 times from 60 shots.
Alex,31/08/2000,Target hit 45 times from 54 shots.
Jackson,8/01/2017,Target hit 34 times from 56 shots.
Rodney,5/07/2003,Target hit 55 times from 67 shots.
Simone,24/07/1996,Target hit 59 times from 61 shots.
Harriet,18/06/2006,Target hit 46 times from 63 shots.
Mackenzie,18/11/1996,Target hit 56 times from 60 shots.
Mitchell,10/04/2016,Target hit 33 times from 53 shots.
Simon,20/05/2013,Target hit 40 times from 62 shots.
Cooper,3/11/2001,Target hit 47 times from 55 shots.
Melissa,18/12/2001,Target hit 53 times from 63 shots.
Annabel,12/08/2006,Target hit 52 times from 67 shots.
Parker,3/07/2005,Target hit 50 times from 59 shots.
Hugo,20/02/2017,Target hit 32 times from 56 shots.
Evan,2/05/2003,Target hit 52 times from 63 shots.
Pippa,3/09/2007,Target hit 52 times from 69 shots.
Brooke,30/05/2010,Target hit 42 times from 57 shots.
Tyler,11/04/2008,Target hit 40 times from 53 shots.
Kaia,27/07/2000,Target hit 46 times from 50 shots.
Thea,23/10/2017,Target hit 29 times from 52 shots.
Taylor,30/11/2002,Target hit 40 times from 50 shots.
Ivy,14/01/2004,Target hit 58 times from 67 shots.
Jasmin,20/01/2010,Target hit 34 times from 51 shots.
Isabel,7/04/2015,Target hit 33 times from 54 shots.
Scott,16/06/2006,Target hit 51 times from 65 shots.
Erin,25/02/2006,Target hit 42 times from 52 shots.
Braxton,23/12/2012,Target hit 38 times from 55 shots.
Leanne,10/07/1997,Target hit 57 times from 62 shots.
Rose,12/11/2019,Target hit 24 times from 52 shots.
Linda,22/06/2008,Target hit 52 times from 67 shots.
Koby,12/12/2014,Target hit 30 times from 51 shots.
Madeleine,14/01/2013,Target hit 40 times from 57 shots.
Zara,5/01/2001,Target hit 52 times from 58 shots.
Alana,12/07/2020,Target hit 27 times from 66 shots.
Jeffrey,23/05/2020,Target hit 24 times from 50 shots.
Melinda,7/01/2022,Target hit 25 times from 61 shots.
Mark,20/08/2006,Target hit 41 times from 51 shots.
Tamara,5/09/2020,Target hit 24 times from 56 shots.
Maria,28/10/2016,Target hit 34 times from 54 shots.
Melanie,19/01/2010,Target hit 50 times from 67 shots.
Riley,11/03/2013,Target hit 33 times from 50 shots.
Marc,13/07/2004,Target hit 40 times from 50 shots.
Lauren,5/09/1998,Target hit 53 times from 58 shots.
Phoenix,16/03/1998,Target hit 50 times from 58 shots.
Allan,11/05/2009,Target hit 45 times from 61 shots.
Brodie,10/06/2018,Target hit 31 times from 59 shots.
Natalie,11/11/2002,Target hit 48 times from 55 shots.
Colin,12/08/1997,Target hit 50 times from 56 shots.
Stella,17/12/2014,Target hit 46 times from 70 shots.
Clara,23/02/2017,Target hit 32 times from 56 shots.
Carly,11/01/2013,Target hit 37 times from 57 shots.
Axel,29/09/2000,Target hit 50 times from 57 shots.
Luca,5/08/2006,Target hit 40 times from 53 shots.
Brandon,9/02/2013,Target hit 36 times from 53 shots.
John,24/11/1996,Target hit 64 times from 69 shots.
Chad,10/08/2007,Target hit 38 times from 50 shots.
Diana,12/12/2022,Target hit 20 times from 58 shots.
Rebekah,11/06/2018,Target hit 35 times from 69 shots.
Rosie,20/06/2013,Target hit 30 times from 50 shots.
Isaac,14/06/2009,Target hit 42 times from 57 shots.
Bradley,6/05/2012,Target hit 47 times from 68 shots.
Lucy,21/05/1997,Target hit 48 times from 54 shots.
Valentina,28/10/1999,Target hit 41 times from 50 shots.
Caroline,22/01/2016,Target hit 38 times from 62 shots.
Lilly,15/10/2016,Target hit 42 times from 67 shots.
Lachlan,4/03/2002,Target hit 49 times from 57 shots.
Alison,13/10/2012,Target hit 47 times from 70 shots.
Mikaela,13/07/1998,Target hit 50 times from 56 shots.
Ian,20/01/2019,Target hit 25 times from 51 shots.
Summer,4/03/2001,Target hit 51 times from 62 shots.
Mia,11/07/2003,Target hit 56 times from 69 shots.
Milla,8/10/2018,Target hit 36 times from 70 shots.
Deborah,17/07/2012,Target hit 48 times from 70 shots.
Tanya,29/12/2017,Target hit 26 times from 56 shots.
Penelope,28/04/2000,Target hit 64 times from 69 shots.
Alexander,30/06/2017,Target hit 33 times from 62 shots.
Ethan,20/12/2009,Target hit 43 times from 59 shots.
Sonny,13/12/2021,Target hit 22 times from 54 shots.
Casey,3/07/2016,Target hit 35 times from 62 shots.
Julian,5/12/2001,Target hit 42 times from 51 shots.
Sebastian,10/03/1998,Target hit 49 times from 51 shots.
Max,10/07/2015,Target hit 35 times from 55 shots.
Harper,1/06/2018,Target hit 31 times from 51 shots.
Gabriella,6/03/1997,Target hit 45 times from 50 shots.
Hudson,14/07/2004,Target hit 40 times from 50 shots.
Isabella,19/10/2018,Target hit 30 times from 56 shots.
Clint,1/06/2012,Target hit 46 times from 64 shots.
Chloe,13/12/1999,Target hit 51 times from 61 shots.
Jacob,14/06/2016,Target hit 31 times from 56 shots.
Molly,12/06/2014,Target hit 41 times from 60 shots.
Olivia,27/03/2002,Target hit 56 times from 65 shots.
Kai,25/04/2003,Target hit 53 times from 67 shots.
Asher,8/02/2007,Target hit 45 times from 58 shots.
Felicity,24/02/1998,Target hit 46 times from 52 shots.
Amelia,30/10/2007,Target hit 49 times from 67 shots.
Kellie,2/12/2007,Target hit 39 times from 52 shots.
Helen,1/11/1996,Target hit 50 times from 54 shots.
Tracey,4/03/2003,Target hit 39 times from 52 shots.
Eli,16/06/2019,Target hit 35 times from 67 shots.
Delilah,5/10/2006,Target hit 40 times from 54 shots.
Florence,10/08/2009,Target hit 47 times from 70 shots.
Emma,17/08/2022,Target hit 16 times from 50 shots.
Lucia,4/05/2004,Target hit 45 times from 55 shots.
Amy,10/04/2012,Target hit 49 times from 67 shots.
Imogen,19/11/2021,Target hit 24 times from 65 shots.
Eve,12/07/2021,Target hit 31 times from 69 shots.
Mary,25/03/2004,Target hit 58 times from 69 shots.
Chase,29/01/1999,Target hit 48 times from 56 shots.
Jorja,17/03/2016,Target hit 41 times from 66 shots.
Elena,6/05/2010,Target hit 40 times from 56 shots.
Elodie,10/09/1997,Target hit 49 times from 54 shots.
Claudia,14/05/2007,Target hit 52 times from 69 shots.
Russell,10/02/1999,Target hit 50 times from 55 shots.
Monique,29/03/2010,Target hit 38 times from 52 shots.
Tiffany,23/03/1999,Target hit 52 times from 63 shots.
Eva,18/08/2007,Target hit 51 times from 66 shots.
Sean,17/01/2008,Target hit 52 times from 67 shots.
Gregory,21/05/2020,Target hit 32 times from 67 shots.
Abbey,26/07/2011,Target hit 34 times from 51 shots.
Angelina,28/02/2012,Target hit 39 times from 53 shots.
Layla,1/10/2011,Target hit 39 times from 55 shots.
Victoria,13/09/1997,Target hit 51 times from 59 shots.
Susan,6/09/2018,Target hit 25 times from 50 shots.
Christian,3/07/2011,Target hit 41 times from 56 shots.
Alyssa,19/02/1997,Target hit 51 times from 59 shots.
Courtney,10/08/2002,Target hit 49 times from 60 shots.
Jonathan,13/02/2016,Target hit 30 times from 55 shots.
Candice,20/10/1999,Target hit 41 times from 51 shots.
Danny,20/07/2022,Target hit 21 times from 56 shots.
Patrick,26/11/2022,Target hit 17 times from 51 shots.
Freya,17/10/2022,Target hit 17 times from 51 shots.
Stuart,7/01/2004,Target hit 53 times from 64 shots.
Isabelle,17/03/2004,Target hit 55 times from 68 shots.
Kane,2/02/2003,Target hit 53 times from 67 shots.
Christina,16/06/2018,Target hit 32 times from 61 shots.
Ashleigh,20/03/2003,Target hit 61 times from 69 shots.
Maryam,22/06/2005,Target hit 45 times from 57 shots.
Grace,6/10/1997,Target hit 57 times from 63 shots.
Benjamin,20/07/2002,Target hit 40 times from 50 shots.
Ali,11/11/2016,Target hit 30 times from 52 shots.
Indiana,21/05/2022,Target hit 26 times from 66 shots.
Connor,21/07/2009,Target hit 39 times from 53 shots.
Tania,1/11/2014,Target hit 37 times from 60 shots.
Kirsty,12/09/2014,Target hit 32 times from 51 shots.
Marcus,22/03/2004,Target hit 41 times from 51 shots.
Mathew,5/01/2003,Target hit 56 times from 69 shots.
Jonathon,17/06/1997,Target hit 50 times from 57 shots.
Matthew,27/04/2008,Target hit 52 times from 67 shots.
Harlow,18/02/2020,Target hit 33 times from 61 shots.
Aimee,3/01/2008,Target hit 55 times from 69 shots.
Cameron,12/10/2019,Target hit 26 times from 51 shots.
Muhammad,13/05/2001,Target hit 58 times from 66 shots.
Heather,16/02/2003,Target hit 58 times from 69 shots.
Holly,11/05/2008,Target hit 44 times from 64 shots.
Amara,21/11/2022,Target hit 18 times from 56 shots.
Rachael,23/11/2013,Target hit 39 times from 56 shots.
Sandra,19/07/2010,Target hit 46 times from 70 shots.
Allison,16/09/2001,Target hit 53 times from 64 shots.
Harley,28/01/2019,Target hit 35 times from 66 shots.
Josephine,7/08/2003,Target hit 43 times from 52 shots.
Alexandra,15/10/2021,Target hit 22 times from 52 shots.
Fiona,5/01/1997,Target hit 61 times from 67 shots.
Richard,20/09/2004,Target hit 51 times from 61 shots.
Ezra,19/10/2018,Target hit 35 times from 64 shots.
Robert,6/06/2017,Target hit 34 times from 53 shots.
Amanda,25/08/2007,Target hit 42 times from 58 shots.
Louise,7/12/2006,Target hit 51 times from 65 shots.
Brent,7/08/2011,Target hit 40 times from 58 shots.
Dominic,17/05/2003,Target hit 59 times from 68 shots.
Kieran,30/09/2016,Target hit 33 times from 58 shots.
Danielle,18/07/2008,Target hit 39 times from 52 shots.
Bethany,20/10/2004,Target hit 38 times from 50 shots.
Bronwyn,28/05/2021,Target hit 26 times from 69 shots.
Glenn,13/01/2009,Target hit 42 times from 54 shots.
Brock,6/05/2009,Target hit 47 times from 65 shots.
Jude,8/11/2022,Target hit 17 times from 54 shots.
Stephen,16/02/2012,Target hit 40 times from 56 shots.
Arthur,5/04/2002,Target hit 50 times from 59 shots.
Charlie,31/07/2004,Target hit 56 times from 67 shots.
Tahlia,22/11/2013,Target hit 45 times from 68 shots.
Jack,8/10/2020,Target hit 25 times from 55 shots.
Amelie,23/10/2001,Target hit 45 times from 55 shots.
Tegan,23/10/2017,Target hit 38 times from 67 shots.
Damien,2/04/2005,Target hit 51 times from 63 shots.
Ashton,21/10/2000,Target hit 46 times from 54 shots.
Arlo,20/10/1997,Target hit 48 times from 56 shots.
Nate,16/07/1998,Target hit 49 times from 54 shots.
Aurora,17/09/2008,Target hit 38 times from 54 shots.
Kye,10/08/2008,Target hit 44 times from 61 shots.
Vanessa,7/01/1999,Target hit 50 times from 56 shots.
Crystal,3/07/2014,Target hit 43 times from 69 shots.
Caitlin,22/05/2020,Target hit 27 times from 55 shots.
Tori,8/04/2002,Target hit 43 times from 55 shots.
Mateo,1/08/2016,Target hit 38 times from 64 shots.
Patricia,9/05/2004,Target hit 41 times from 50 shots.
Audrey,27/07/2013,Target hit 33 times from 52 shots.
Ariana,23/08/2008,Target hit 40 times from 53 shots.
Koa,31/12/2013,Target hit 45 times from 66 shots.
Ryder,24/11/2015,Target hit 30 times from 50 shots.
Lillian,10/06/2010,Target hit 50 times from 66 shots.
Katie,31/01/2001,Target hit 51 times from 58 shots.
Caitlyn,15/02/2014,Target hit 40 times from 59 shots.
Reuben,8/12/2019,Target hit 25 times from 50 shots.
Kristen,8/06/2004,Target hit 48 times from 58 shots.
Eleanor,27/11/2013,Target hit 47 times from 70 shots.
David,15/11/2003,Target hit 42 times from 52 shots.
Katrina,3/01/2012,Target hit 45 times from 66 shots.
Lucas,23/11/2001,Target hit 57 times from 66 shots.
Renee,13/01/2006,Target hit 51 times from 66 shots.
Alicia,20/07/2016,Target hit 35 times from 56 shots.
Ashlee,1/08/2022,Target hit 26 times from 68 shots.
Jarrod,11/10/1998,Target hit 60 times from 67 shots.
Lexi,8/01/1997,Target hit 49 times from 58 shots.
Archie,5/03/2017,Target hit 36 times from 61 shots.
Clinton,12/09/2005,Target hit 51 times from 63 shots.
Jane,10/12/2008,Target hit 42 times from 61 shots.
Bodhi,17/10/2006,Target hit 47 times from 57 shots.
Craig,25/02/2013,Target hit 40 times from 53 shots.
Aria,5/10/2002,Target hit 43 times from 54 shots.
Hannah,13/10/2009,Target hit 48 times from 70 shots.
Theodore,25/03/2019,Target hit 34 times from 63 shots.
Blake,31/07/2016,Target hit 44 times from 69 shots.
Travis,18/11/1996,Target hit 57 times from 64 shots.
Douglas,11/03/2003,Target hit 55 times from 63 shots.
Joel,10/10/2004,Target hit 50 times from 63 shots.
Callum,24/06/2007,Target hit 43 times from 54 shots.
Daisy,2/09/1996,Target hit 61 times from 67 shots.
Joanne,8/10/2015,Target hit 31 times from 52 shots.
Brett,7/12/1997,Target hit 58 times from 65 shots.
Ricky,10/04/2017,Target hit 33 times from 53 shots.
Rhys,9/08/2021,Target hit 22 times from 61 shots.
Ari,18/02/2002,Target hit 57 times from 69 shots.
Monica,25/08/2020,Target hit 33 times from 69 shots.
Zane,2/01/2000,Target hit 61 times from 70 shots.
Corey,15/11/2012,Target hit 45 times from 62 shots.
Alfie,11/09/2005,Target hit 42 times from 53 shots.
Maxwell,9/12/2018,Target hit 29 times from 52 shots.
Nora,9/06/2022,Target hit 20 times from 50 shots.
Sara,26/06/2014,Target hit 38 times from 56 shots.
Kelly,20/09/2016,Target hit 35 times from 58 shots.
Nicola,25/12/2000,Target hit 56 times from 67 shots.
Shania,20/03/2012,Target hit 36 times from 53 shots.
Michelle,4/02/2002,Target hit 54 times from 67 shots.
Grant,25/08/2008,Target hit 53 times from 65 shots.
Oliver,3/06/2015,Target hit 34 times from 58 shots.
Zayn,15/10/2004,Target hit 45 times from 55 shots.
Jared,20/10/2007,Target hit 44 times from 57 shots.
Jessica,27/09/2021,Target hit 29 times from 68 shots.
Addison,2/10/2004,Target hit 39 times from 52 shots.
Savannah,4/09/2016,Target hit 41 times from 65 shots.
Katherine,27/05/2004,Target hit 52 times from 63 shots.
Laura,30/07/2016,Target hit 40 times from 69 shots.
Eric,6/12/2009,Target hit 53 times from 70 shots.
Jemma,14/01/2002,Target hit 56 times from 67 shots.
Aiden,9/04/2016,Target hit 34 times from 53 shots.
Quinn,23/08/2001,Target hit 58 times from 70 shots.
Joanna,26/06/2021,Target hit 28 times from 65 shots.
Archer,20/12/2012,Target hit 33 times from 52 shots.
Sofia,14/07/2020,Target hit 26 times from 57 shots.
William,4/07/2009,Target hit 45 times from 61 shots.
Julia,22/03/2000,Target hit 56 times from 67 shots.
Sadie,16/12/2018,Target hit 28 times from 53 shots.
Samantha,1/11/2020,Target hit 34 times from 69 shots.
Austin,9/01/2009,Target hit 46 times from 67 shots.
Luke,22/03/2022,Target hit 28 times from 64 shots.
Donna,19/08/2003,Target hit 46 times from 55 shots.
Caleb,21/06/2015,Target hit 41 times from 68 shots.
Dale,10/11/2019,Target hit 34 times from 70 shots.
Zachary,4/07/2021,Target hit 21 times from 57 shots.
Mariam,15/01/2007,Target hit 47 times from 61 shots.
Cleo,2/02/2008,Target hit 42 times from 51 shots.
Kimberly,9/08/2003,Target hit 51 times from 62 shots.
Justin,12/05/2002,Target hit 61 times from 70 shots.
Luka,16/06/2004,Target hit 43 times from 53 shots.
Ross,6/10/2000,Target hit 47 times from 55 shots.
Gavin,1/05/2011,Target hit 44 times from 63 shots.
Jacqueline,27/11/1996,Target hit 48 times from 56 shots.
Georgia,29/12/2002,Target hit 54 times from 68 shots.
Philip,28/11/2015,Target hit 33 times from 52 shots.
Hazel,3/08/2016,Target hit 33 times from 52 shots.
Spencer,24/09/2003,Target hit 57 times from 70 shots.
Kaitlyn,19/04/2017,Target hit 37 times from 66 shots.
Adrian,12/12/2019,Target hit 35 times from 67 shots.
Tammy,26/12/2005,Target hit 45 times from 54 shots.
Paul,27/02/2020,Target hit 27 times from 56 shots.
Kyle,14/05/2006,Target hit 47 times from 58 shots.
Jennifer,19/11/1999,Target hit 43 times from 50 shots.
Sally,8/12/2001,Target hit 54 times from 65 shots.
Darcy,9/07/2021,Target hit 28 times from 59 shots.
Bianca,16/09/2007,Target hit 41 times from 53 shots.
Annabelle,12/03/2017,Target hit 39 times from 68 shots.
Phillip,25/06/2010,Target hit 40 times from 54 shots.
Keira,17/12/2014,Target hit 41 times from 64 shots.
Julie,30/01/2001,Target hit 44 times from 50 shots.
Sophie,10/04/2014,Target hit 43 times from 62 shots.
Nicholas,12/09/2015,Target hit 30 times from 54 shots.
Evie,27/01/2014,Target hit 40 times from 59 shots.
Tommy,4/09/2003,Target hit 57 times from 67 shots.
Edward,8/06/2016,Target hit 36 times from 57 shots.
Matilda,25/01/2000,Target hit 45 times from 50 shots.
Kristy,17/01/2003,Target hit 45 times from 54 shots.
Nathaniel,10/06/2016,Target hit 33 times from 53 shots.
Aaron,4/12/2022,Target hit 22 times from 63 shots.
Eliza,22/07/2020,Target hit 25 times from 50 shots.
Leonardo,28/12/2003,Target hit 47 times from 62 shots.
Claire,6/11/2018,Target hit 31 times from 60 shots.
Rebecca,29/06/2014,Target hit 47 times from 68 shots.
Vincent,16/05/2002,Target hit 54 times from 65 shots.
Flynn,11/05/2012,Target hit 44 times from 61 shots.
Jade,18/12/2004,Target hit 54 times from 70 shots.
Felix,28/03/2001,Target hit 48 times from 56 shots.
Eden,11/05/2015,Target hit 33 times from 52 shots.
Ben,27/04/2019,Target hit 30 times from 54 shots.
Ayla,16/06/2005,Target hit 45 times from 55 shots.
Brendon,17/01/1998,Target hit 49 times from 57 shots.
Gary,12/02/2010,Target hit 45 times from 61 shots.
Kathleen,19/11/2005,Target hit 48 times from 62 shots.
River,7/08/2013,Target hit 38 times from 56 shots.
Lyla,26/07/2008,Target hit 53 times from 68 shots.
Emilia,3/10/2006,Target hit 42 times from 54 shots.
Angus,31/10/2008,Target hit 38 times from 53 shots.
Harry,5/12/2014,Target hit 35 times from 55 shots.
Anita,5/04/2014,Target hit 46 times from 65 shots.
Henry,1/01/1900,Target hit 32 times from 53 shots.
Jodie,18/02/2009,Target hit 35 times from 50 shots.
Brad,29/07/2013,Target hit 42 times from 64 shots.
Nathan,17/05/2000,Target hit 56 times from 69 shots.
Declan,2/10/2017,Target hit 26 times from 51 shots.
Liam,25/10/2006,Target hit 54 times from 65 shots.
Troy,9/08/1997,Target hit 49 times from 56 shots.
Tony,5/12/2007,Target hit 49 times from 66 shots.
Anthony,26/11/1997,Target hit 56 times from 61 shots.
Lara,28/10/2001,Target hit 45 times from 54 shots.
Belinda,19/09/2015,Target hit 30 times from 51 shots.
Finn,22/02/2015,Target hit 40 times from 69 shots.
Billie,20/07/2003,Target hit 42 times from 54 shots.
Jayden,11/03/2010,Target hit 45 times from 59 shots.
Toby,4/03/2017,Target hit 41 times from 68 shots.
Charles,5/03/2002,Target hit 52 times from 60 shots.
Zac,23/10/1996,Target hit 63 times from 69 shots.
Jett,28/08/1996,Target hit 64 times from 70 shots.
Adeline,1/04/2005,Target hit 53 times from 65 shots.
Rachel,2/12/2001,Target hit 60 times from 69 shots.
Bella,8/08/2009,Target hit 44 times from 58 shots.
Bonnie,18/12/2011,Target hit 35 times from 51 shots.
George,1/11/2020,Target hit 30 times from 67 shots.
Carter,28/05/2017,Target hit 40 times from 69 shots.
Jacinta,26/11/1997,Target hit 57 times from 60 shots.
Hamish,18/09/2001,Target hit 43 times from 50 shots.
Tiana,13/03/2006,Target hit 42 times from 55 shots.
Brianna,22/09/2016,Target hit 35 times from 60 shots.
Makayla,2/09/2011,Target hit 47 times from 60 shots.
Jye,24/08/2013,Target hit 35 times from 56 shots.
Clare,6/12/2003,Target hit 51 times from 61 shots.
Roman,10/01/2011,Target hit 36 times from 53 shots.
Maisie,23/05/2021,Target hit 22 times from 57 shots.
Madison,30/04/2008,Target hit 50 times from 69 shots.
Kayla,20/12/2009,Target hit 38 times from 53 shots.
Piper,1/08/2003,Target hit 50 times from 63 shots.
Catherine,22/12/2006,Target hit 40 times from 50 shots.
Peta,10/05/1997,Target hit 49 times from 54 shots.
Leon,13/03/2022,Target hit 23 times from 60 shots.
Alan,7/06/2004,Target hit 45 times from 57 shots.
Brian,3/09/2015,Target hit 39 times from 60 shots.
Aaliyah,9/03/1999,Target hit 56 times from 65 shots.
Anna,13/01/2000,Target hit 56 times from 62 shots.
Wayne,22/01/2009,Target hit 40 times from 51 shots.
Zahra,2/10/2017,Target hit 27 times from 52 shots.
Noah,20/10/2017,Target hit 29 times from 55 shots.
Remy,12/07/2001,Target hit 57 times from 68 shots.
Tracy,14/07/2020,Target hit 27 times from 56 shots.
Remi,28/02/2003,Target hit 52 times from 60 shots.
Reece,8/08/2009,Target hit 48 times from 67 shots.
